{"stat.craftItem.257":6,"stat.craftItem.256":1,"stat.mineBlock.145":1,"stat.craftItem.306":1,"stat.craftItem.307":1,"stat.craftItem.308":1,"achievement.openInventory":135,"stat.useItem.145":2,"stat.craftItem.309":1,"achievement.buildFurnace":3,"stat.jump":3600,"stat.mineBlock.50":7,"achievement.exploreAllBiomes":{"value":0,"progress":["Forest","Taiga","Extreme Hills","TaigaHills","Plains","Birch Forest","River","Hell","Birch Forest Hills"]},"stat.killEntity.Skeleton":17,"stat.useItem.58":6,"stat.useItem.3":24,"stat.mineBlock.54":2,"stat.useItem.4":180,"stat.useItem.54":4,"stat.mineBlock.58":6,"stat.useItem.50":240,"achievement.buildHoe":1,"stat.craftItem.266":24,"stat.mineBlock.1":879,"stat.craftItem.265":92,"stat.craftItem.268":1,"stat.craftItem.267":2,"stat.craftItem.261":1,"stat.mineBlock.4":21,"stat.killEntity.Bat":2,"stat.mineBlock.3":35,"stat.craftItem.263":120,"achievement.buildWorkBench":3,"stat.useItem.274":152,"stat.diveOneCm":49644,"stat.craftItem.259":1,"stat.craftItem.320":13,"stat.craftItem.58":4,"stat.craftItem.274":1,"stat.craftItem.50":328,"stat.mineBlock.31":58,"stat.craftItem.54":2,"stat.craftItem.270":1,"stat.useItem.267":305,"stat.useItem.72":2,"stat.deaths":4,"stat.mineBlock.37":2,"stat.mineBlock.38":9,"stat.craftItem.173":9,"stat.killEntity.Zombie":20,"stat.useItem.259":30,"achievement.buildSword":3,"stat.craftItem.41":1,"stat.mineBlock.21":14,"stat.craftItem.42":3,"stat.craftItem.280":112,"stat.useItem.256":37,"stat.useItem.258":141,"stat.useItem.257":1316,"stat.useItem.61":3,"stat.killEntity.Creeper":3,"achievement.killEnemy":51,"stat.craftItem.290":1,"stat.breakItem.257":3,"stat.fallOneCm":57058,"stat.useItem.13":15,"stat.killEntity.Cow":23,"stat.damageTaken":13450,"achievement.buildPickaxe":12,"stat.damageDealt":18195,"stat.mineBlock.82":14,"stat.drop":137,"stat.mineBlock.87":15,"stat.craftItem.61":3,"stat.mineBlock.18":16,"stat.mineBlock.17":124,"stat.mineBlock.175":4,"stat.mineBlock.14":17,"stat.mineBlock.13":18,"stat.boatOneCm":30758,"stat.walkOneCm":1343379,"stat.swimOneCm":48318,"stat.mineBlock.16":295,"stat.mineBlock.15":132,"stat.entityKilledBy.Zombie":1,"stat.mineBlock.12":2,"achievement.buildBetterPickaxe":10,"stat.craftItem.5":104,"stat.craftItem.364":26,"achievement.killCow":14,"achievement.mineWood":125,"stat.mineBlock.73":39,"stat.mineBlock.72":2,"stat.mobKills":104,"stat.craftItem.325":3,"stat.killEntity.Chicken":1,"stat.craftItem.333":2,"stat.entityKilledBy.Creeper":2,"stat.killEntity.Spider":11,"stat.flyOneCm":209154,"achievement.acquireIron":48,"stat.mineBlock.153":30,"stat.killEntity.Pig":24,"stat.craftItem.145":1,"stat.playOneMinute":243450}